{"cameraMode":{"drawMode":0,"name":"Shaded","section":"Shading Mode"},"sceneLighting":true,"audioPlay":false,"sceneViewState":{"showFog":true,"showMaterialUpdate":false,"showSkybox":true,"showFlares":true,"showImageEffects":true,"showParticleSystems":true},"in2DMode":false,"pivot":{"x":0.0926051139831543,"y":-0.40622997283935549,"z":-3.1134071350097658},"rotation":{"x":0.25439906120300295,"y":-0.59344083070755,"z":0.2052595168352127,"w":0.7355118989944458},"size":4.736081600189209,"orthographic":false}